session_id,window,flow_count,total_packets,total_bytes,attack_flow_count,attack_fraction,unique_dst_ports,port_entropy,protocol_diversity,raw_label,mitre_stage,mean_Flow Duration,mean_Flow Byts/s,mean_Flow Pkts/s,mean_Flow IAT Mean,mean_Flow IAT Std,mean_Pkt Len Mean,mean_Pkt Len Std,mean_SYN Flag Cnt,mean_ACK Flag Cnt,mean_RST Flag Cnt,mean_FIN Flag Cnt,mean_PSH Flag Cnt,mean_Active Mean,mean_Idle Mean,log_flow_count,log_total_packets,log_total_bytes,log_attack_flow_count,log_unique_dst_ports,attack_risk
0,2018-02-14 01:57:10,40.0,140.0,5103.0,0.0,0.0,21,3.655152233280639,3.0,Benign,Normal,11911043.275,4662197.244157629,319566.12079159037,7304316.913928571,869015.0797290311,17.784141865084997,23.243372612725,0.325,0.775,0.0,0.075,0.15,1844.35,4182703.875,3.713572066704308,4.948759890378168,8.537779825024625,0.0,3.091042453358316,0
0,2018-02-14 01:57:20,22.0,155.0,19426.0,0.0,0.0,7,2.153565438936264,5.0,Benign,Normal,13439840.0,112542.91601942583,12233.240708096972,7642713.462444826,85388.89562157806,56.927149787345456,108.11469055883636,0.0,0.4090909090909091,0.045454545454545456,0.0,0.5,0.0,5120041.636363637,3.1354942159291497,5.049856007249537,9.874419130038781,0.0,2.0794415416798357,0
0,2018-02-14 01:57:30,110.0,634.0,90225.0,0.0,0.0,14,2.0605538758346875,8.0,Benign,Normal,7728376.827272727,120110.03000398597,3830.6836576649066,1715802.9556022428,385264.50039578264,68.33249079897726,77.64721785666454,0.02727272727272727,0.1,0.01818181818181818,0.00909090909090909,0.23636363636363636,2671.5528925619838,1915792.4403581272,4.709530201312334,6.453624998892692,11.410072912852174,0.0,2.70805020110221,0
0,2018-02-14 01:57:40,47.0,404.0,68325.0,0.0,0.0,16,3.1987424204190784,7.0,Benign,Normal,8659258.489361702,50866.21452726407,13813.139477045597,4806415.92257392,487693.0084147775,85.60630744397234,137.41632216526384,0.0,0.3617021276595745,0.02127659574468085,0.0,0.44680851063829785,80290.53191489361,1464965.5319148935,3.871201010907891,6.003887067106539,11.132045646620377,0.0,2.833213344056216,0
0,2018-02-14 01:57:50,17.0,245.0,40918.0,0.0,0.0,5,1.6137129703601687,4.0,Benign,Normal,13045962.176470589,751.3184349914707,2563.07262976903,6673090.508717724,417337.8520483579,119.45464355648824,218.04537090275883,0.0,0.11764705882352941,0.0,0.0,0.8235294117647058,356678.1176470588,3708272.1764705884,2.8903717578961645,5.5053315359323625,10.619349781839288,0.0,1.791759469228055,0
0,2018-02-14 01:58:00,19.0,153.0,20259.0,0.0,0.0,10,2.90530777635932,3.0,Benign,Normal,4174785.8421052634,39111.3554343606,115382.0881967384,2941812.568668887,162845.98641576746,64.2938459136,112.52011993206315,0.10526315789473684,0.47368421052631576,0.10526315789473684,0.0,0.5263157894736842,162843.26315789475,312451.8947368421,2.995732273553991,5.0369526024136295,9.916403777802675,0.0,2.3978952727983707,0
0,2018-02-14 01:58:10,20.0,145.0,10165.0,0.0,0.0,11,3.046439344655145,3.0,Benign,Normal,13030783.05,866.7370240164249,14447.039972949966,6043651.674433092,1088198.071612399,34.638443263615,60.24055204252001,0.05,0.45,0.1,0.0,0.55,593849.79,1475429.53,3.044522437723423,4.983606621708336,9.226804098006848,0.0,2.4849066497880004,0
0,2018-02-14 01:58:20,32.0,332.0,35722.0,0.0,0.0,9,2.6866276169855356,4.0,Benign,Normal,25135348.40625,60683.31426999996,6579.791175959685,4316647.992258105,1709821.7847635255,68.87778329162812,115.95209182654062,0.0,0.1875,0.09375,0.0,0.4375,24504.678503787873,4397326.483428031,3.4965075614664802,5.808142489980444,10.48355001802591,0.0,2.302585092994046,0
0,2018-02-14 01:58:30,37.0,252.0,22379.0,0.0,0.0,14,3.0302860552549484,6.0,Benign,Normal,4172583.108108108,93753.90020228087,8829.10555208509,1692686.0326987985,431527.0404214279,48.55010452760811,70.27770176327567,0.0,0.32432432432432434,0.10810810810810811,0.0,0.5405405405405406,724449.8378378379,569242.0945945946,3.6375861597263857,5.53338948872752,10.015922981865916,0.0,2.70805020110221,0
0,2018-02-14 01:58:40,42.0,381.0,59612.0,0.0,0.0,18,3.3797144462532485,4.0,Benign,Normal,11590449.547619049,89434.69870680719,67267.47588174205,5416513.483467756,352123.04411493964,46.990707604466664,84.83642911301905,0.047619047619047616,0.6190476190476191,0.09523809523809523,0.0,0.35714285714285715,713.3761904761905,1579037.230952381,3.7612001156935624,5.945420608606575,10.995628950073925,0.0,2.9444389791664403,0
0,2018-02-14 01:58:50,164.0,1100.0,144142.0,0.0,0.0,18,1.980138421905284,4.0,Benign,Normal,12028086.908536585,129323.00422401755,5682.214052397067,786681.4085873113,960486.1888706175,68.58579526052682,82.60134341678963,0.03048780487804878,0.0975609756097561,0.006097560975609756,0.0,0.24390243902439024,69100.4300166297,2587516.3742331844,5.10594547390058,7.00397413672268,11.878561141360219,0.0,2.9444389791664403,0
0,2018-02-14 01:59:00,18.0,225.0,34551.0,0.0,0.0,8,2.0558279011524223,6.0,Benign,Normal,11420559.277777778,144735.96686553533,3486.4200402201,3847284.053767898,1285358.5961206085,126.38711595189443,195.80754414010002,0.05555555555555555,0.16666666666666666,0.2222222222222222,0.0,0.6666666666666666,376665.1111111111,1436431.4305555555,2.9444389791664403,5.420534999272286,10.450220714640537,0.0,2.1972245773362196,0
0,2018-02-14 01:59:10,72.0,747.0,125283.0,0.0,0.0,11,2.6024488440375033,5.0,Benign,Normal,16797573.430555556,64265.65594248736,3680.088526603676,2214044.360490618,1592602.5624273159,91.9322296626611,147.8945005381486,0.041666666666666664,0.16666666666666666,0.013888888888888888,0.0,0.5,40100.33049242423,4201644.184659092,4.290459441148391,6.617402977974478,11.73833843919513,0.0,2.4849066497880004,0
0,2018-02-14 01:59:20,129.0,1815.0,865057.0,0.0,0.0,22,2.735871164165984,6.0,Benign,Normal,15657386.511627907,344100.42451753624,21362.147475513735,1279884.4838311733,1329906.9651153958,109.0050156379589,137.66819524650543,0.046511627906976744,0.20155038759689922,0.023255813953488372,0.015503875968992248,0.3488372093023256,55733.26979093258,5469088.931407093,4.867534450455582,7.504391559161238,13.67055183568925,0.0,3.1354942159291497,0
0,2018-02-14 01:59:30,186.0,1470.0,377505.0,0.0,0.0,27,2.218306566079933,6.0,Benign,Normal,12895166.784946237,128452.56459769234,28420.988117125577,710976.4954425002,1157341.6533644006,86.82637149141183,100.34225636373387,0.03763440860215054,0.13978494623655913,0.016129032258064516,0.010752688172043012,0.22580645161290322,22253.926311502117,3460019.0534376027,5.231108616854587,7.293697720601438,12.841341741584642,0.0,3.332204510175204,0
0,2018-02-14 01:59:40,38.0,400.0,62367.0,0.0,0.0,10,2.55903105277849,7.0,Benign,Normal,7776756.315789473,38010.317401898625,2329.343452480105,4531513.9670860395,667332.4268763682,111.30400562517106,168.73498249298947,0.0,0.18421052631578946,0.07894736842105263,0.0,0.631578947368421,0.0,0.0,3.6635616461296463,5.993961427306569,11.040807602307288,0.0,2.3978952727983707,0
0,2018-02-14 01:59:50,135.0,4776.0,3377570.0,0.0,0.0,14,2.6514667593091827,9.0,Benign,Normal,18858618.925925925,119864.2608499473,3973.067575671779,1699683.7486366355,1081176.0284578954,137.19774278762665,161.23026531197186,0.007407407407407408,0.0962962962962963,0.014814814814814815,0.0,0.4074074074074074,51500.51099887765,3893097.4808641984,4.912654885736052,8.471568013389962,15.032667370061125,0.0,2.70805020110221,0
0,2018-02-14 02:00:00,158.0,1109.0,179462.0,0.0,0.0,14,1.9368121926903932,6.0,Benign,Normal,12976176.379746836,92302.57506946163,3730.437979867855,1661810.331815764,1041824.7455899289,77.04392272042405,92.04221575897341,0.012658227848101266,0.10759493670886076,0.0,0.0,0.2468354430379747,31555.542194092828,4172606.252972766,5.0689042022202315,7.01211529430638,12.097724337529442,0.0,2.70805020110221,0
0,2018-02-14 02:00:10,40.0,177.0,9249.0,0.0,0.0,10,2.209081405708255,7.0,Benign,Normal,14342814.95,153586.26422179933,13010.034684165777,7178775.672023809,478622.13053094706,25.0571180555625,47.720693820727504,0.025,0.525,0.0,0.025,0.325,2137.8900000000003,4721491.5225,3.713572066704308,5.181783550292085,9.132378830506472,0.0,2.3978952727983707,0
0,2018-02-14 02:00:20,40.0,207.0,27720.0,0.0,0.0,14,3.0128148954521583,6.0,Benign,Normal,15166604.425,1295746.5526707193,52390.18202047007,6150275.618843985,1345072.7134576603,60.187554112552505,72.041195694695,0.05,0.425,0.025,0.0,0.325,175680.9,3739653.9625,3.713572066704308,5.337538079701318,10.229945527689226,0.0,2.70805020110221,0
0,2018-02-14 02:00:30,33.0,245.0,42110.0,0.0,0.0,12,3.1960996205626264,5.0,Benign,Normal,11378281.242424242,39425.44494057857,11303.454707197541,2411767.6077411976,1960256.413973025,76.1527005738606,105.19445431868485,0.0,0.3939393939393939,0.09090909090909091,0.0,0.42424242424242425,349.9191919191909,969351.3434343424,3.5263605246161616,5.5053315359323625,10.648064268202436,0.0,2.5649493574615367,0
0,2018-02-14 02:00:40,30.0,268.0,60898.0,0.0,0.0,16,3.4640835117472926,6.0,Benign,Normal,19824781.533333335,47494.25644802931,31076.530732712094,7968054.692250233,1573455.3632861006,66.98241861253666,87.98764668292333,0.03333333333333333,0.5333333333333333,0.0,0.0,0.3333333333333333,0.0,1877272.55,3.4339872044851463,5.594711379601839,11.016972033201926,0.0,2.833213344056216,0
0,2018-02-14 02:00:50,38.0,472.0,134691.0,0.0,0.0,10,2.50814845511389,3.0,Benign,Normal,17432156.684210528,99085.94363946385,9070.326313242651,1804344.8935282324,685908.2660800717,91.05440028352895,131.40333051905262,0.02631578947368421,0.2894736842105263,0.02631578947368421,0.0,0.34210526315789475,66315.0433014354,1314819.1894736842,3.6635616461296463,6.159095388491933,11.810745969394933,0.0,2.3978952727983707,0
0,2018-02-14 02:01:00,114.0,1751.0,715527.0,0.0,0.0,27,3.1101826838338282,3.0,Benign,Normal,15950293.877192982,85362.26461729353,18725.95029147945,1160092.7879790156,913714.2532227174,122.69230511192457,154.62104044545615,0.07017543859649122,0.2807017543859649,0.02631578947368421,0.07017543859649122,0.32456140350877194,27432.886031366295,2595003.7347820317,4.74493212836325,7.468513271496337,13.480776010686045,0.0,3.332204510175204,0
0,2018-02-14 02:01:10,26.0,81.0,1673.0,0.0,0.0,10,2.693485507842664,4.0,Benign,Normal,7147986.269230769,36772.09766330446,91876.64860143872,6404818.581501832,326360.38099099934,10.896367521376924,16.332888827846155,0.038461538461538464,0.6538461538461539,0.0,0.07692307692307693,0.19230769230769232,0.0,0.0,3.295836866004329,4.406719247264253,7.422971251049421,0.0,2.3978952727983707,0
0,2018-02-14 02:01:20,60.0,188.0,10977.0,30.0,0.5,21,3.0473698314972903,4.0,SSH-Bruteforce,Credential Access,3189279.15,25828.031892411225,618920.9152609858,1170171.7785963274,278884.75027687,14.105413011696667,21.217981305178334,0.016666666666666666,0.31666666666666665,0.05,0.0,0.6,3486.2541666666666,496493.75,4.110873864173311,5.241747015059643,9.303648549109834,3.4339872044851463,3.091042453358316,1
0,2018-02-14 02:01:30,11.0,54.0,3716.0,0.0,0.0,7,2.404009757314761,4.0,Benign,Normal,16958136.636363637,126.65195859735455,30455.086113727306,10265880.266233766,625758.6164644081,25.475378787890907,50.85889313465455,0.0,0.5454545454545454,0.0,0.0,0.36363636363636365,0.0,5119870.409090909,2.4849066497880004,4.007333185232471,8.220672170297252,0.0,2.0794415416798357,0
0,2018-02-14 02:01:40,28.0,90.0,1989.0,0.0,0.0,17,3.692380602430448,3.0,Benign,Normal,6324411.714285715,46891.25043581658,162024.32450961755,5879229.789502165,187300.56153513017,10.701083638585715,13.498899328739286,0.17857142857142858,0.75,0.0,0.0,0.25,0.0,0.0,3.367295829986474,4.51085950651685,7.595889917718538,0.0,2.8903717578961645,0
0,2018-02-14 02:01:50,369.0,7911.0,795409.0,330.0,0.8943089430894309,23,0.8989528035382525,5.0,SSH-Bruteforce,Credential Access,586994.5311653117,14395.231090166999,142588.46384694055,170688.0122944406,46891.70869471558,50.84327821294797,98.07143086292196,0.0,0.48509485094850946,0.0027100271002710027,0.0,0.4959349593495935,4439.6490514905145,40665.47913279133,5.91350300563827,8.976135873302548,13.586612983967369,5.802118375377063,3.1780538303479458,1
0,2018-02-14 02:02:00,351.0,7789.0,793284.0,340.0,0.9686609686609686,8,0.28098842175507455,3.0,SSH-Bruteforce,Credential Access,526143.8945868945,7006.360771530429,154308.1317860237,191910.2320215002,83654.23309198176,52.35839802222649,102.97566072531595,0.005698005698005698,0.5014245014245015,0.002849002849002849,0.0,0.4985754985754986,221.18803418803418,153664.60398860398,5.863631175598097,8.960596138864794,13.583937830753834,5.831882477283517,2.1972245773362196,1
0,2018-02-14 02:02:10,372.0,7946.0,812584.0,340.0,0.9139784946236559,14,0.6926977821670555,5.0,SSH-Bruteforce,Credential Access,1144626.8629032257,9752.345503478256,163697.28575979144,476355.7582936434,90809.05511645527,52.15736101364704,100.21481014334756,0.01881720430107527,0.5053763440860215,0.005376344086021506,0.0,0.48655913978494625,4765.369354838709,75805.62419354838,5.921578419643816,8.98054977794018,13.607975803098837,5.831882477283517,2.70805020110221,1
0,2018-02-14 02:02:20,416.0,8302.0,830272.0,346.0,0.8317307692307693,28,1.3075550623596672,7.0,SSH-Bruteforce,Credential Access,537334.5865384615,22896.569417739312,142735.03582987617,167291.17529497834,78820.09498464652,49.28201724922621,94.86202104872092,0.040865384615384616,0.5216346153846154,0.01201923076923077,0.007211538461538462,0.46153846153846156,223.5408653846154,129654.01682692308,6.0330862217988015,9.02437217426203,13.629509841354533,5.849324779946859,3.367295829986474,1
0,2018-02-14 02:02:30,378.0,8360.0,846580.0,348.0,0.9206349206349206,8,0.5991194519443166,6.0,SSH-Bruteforce,Credential Access,436766.47354497353,9184.682107213825,140875.93628005224,172497.9439220041,33298.519278321895,53.24897243777487,103.96601444528942,0.0,0.4603174603174603,0.007936507936507936,0.0,0.5158730158730159,0.0,0.0,5.937536205082426,9.031333316150057,13.648961164105094,5.855071922202427,2.1972245773362196,1
0,2018-02-14 02:02:40,367.0,8004.0,805154.0,341.0,0.9291553133514986,10,0.5712789672777155,8.0,SSH-Bruteforce,Credential Access,1501570.2534059945,11309.550730726713,154999.01508031948,648863.5148291145,69169.22002098002,50.811573739900815,99.06541361839618,0.010899182561307902,0.49318801089918257,0.0,0.0,0.48501362397820164,40.36512261580381,394072.6952770209,5.908082938168931,8.987821625430815,13.598790084449837,5.834810737062605,2.3978952727983707,1
0,2018-02-14 02:02:50,385.0,7971.0,791795.0,339.0,0.8805194805194805,31,1.0632156109810267,5.0,SSH-Bruteforce,Credential Access,1123711.1012987013,19464.26762646152,158736.56654993803,445016.3226381569,26354.127395912405,47.63903213776208,93.3831346454756,0.025974025974025976,0.535064935064935,0.0025974025974025974,0.005194805194805195,0.44935064935064933,4490.129004329013,318417.267965368,5.955837369464831,8.983690681332686,13.582059061860654,5.8289456176102075,3.4657359027997265,1
0,2018-02-14 02:03:00,378.0,8227.0,849947.0,350.0,0.9259259259259259,11,0.597330696547932,6.0,SSH-Bruteforce,Credential Access,2515074.671957672,10358.931763404975,149837.63908623683,634880.9652571206,85419.26386470004,52.31879079190715,101.26735201020212,0.0026455026455026454,0.48677248677248675,0.007936507936507936,0.0,0.48148148148148145,10025.060245310244,670593.1321548822,5.937536205082426,9.015298250772847,13.652930450124554,5.860786223465865,2.4849066497880004,1
0,2018-02-14 02:03:10,616.0,13284.0,3904165.0,350.0,0.5681818181818182,14,1.6937003090358247,8.0,SSH-Bruteforce,Credential Access,6926539.178571428,39500.08874224347,90554.29922364467,546535.7110249827,452269.7268259559,85.33642458837808,118.94209539786576,0.00487012987012987,0.29545454545454547,0.011363636363636364,0.0,0.413961038961039,39398.167586580086,1670996.4894111573,6.424869023905388,9.494390858193913,15.177554746102953,5.860786223465865,2.70805020110221,1
0,2018-02-14 02:03:20,890.0,15135.0,3455780.0,340.0,0.38202247191011235,38,2.2467293187660444,8.0,SSH-Bruteforce,Credential Access,11430208.160674157,70813.97563698991,64514.13886688444,554488.5103125862,786637.0822420168,92.73389147819516,136.00758461983844,0.017977528089887642,0.26179775280898876,0.0044943820224719105,0.0,0.4157303370786517,56875.49249890559,2159652.9493484604,6.792344427470809,9.62483129129166,15.055559038842688,5.831882477283517,3.6635616461296463,1
0,2018-02-14 02:03:30,440.0,8459.0,840829.0,350.0,0.7954545454545454,12,1.1861897281629878,4.0,SSH-Bruteforce,Credential Access,2705773.4954545456,22778.802771891875,132191.82051160108,204995.42344348843,145715.67716995845,49.362724380027494,93.10996158831159,0.0,0.4909090909090909,0.015909090909090907,0.0,0.4409090909090909,1761.208987603307,314730.5590909091,6.089044875446846,9.04310445260027,13.642144778212824,5.860786223465865,2.5649493574615367,1
0,2018-02-14 02:03:40,353.0,7855.0,794076.0,340.0,0.9631728045325779,5,0.2915620693230446,3.0,SSH-Bruteforce,Credential Access,601326.2662889519,5949.746737981859,160758.75414440173,325114.5249817114,33790.830499264164,51.99665299583258,102.82724098685921,0.0,0.49575070821529743,0.0084985835694051,0.0,0.5042492917847026,15471.606232294618,22241.59773371105,5.869296913133774,8.969032850034301,13.58493571285725,5.831882477283517,1.791759469228055,1
0,2018-02-14 02:03:50,381.0,8366.0,835140.0,347.0,0.910761154855643,14,0.718884980547758,4.0,SSH-Bruteforce,Credential Access,445568.750656168,9116.82114546152,147906.34520950014,156896.52578704478,29646.37300529519,51.147951637794485,100.63080233947821,0.007874015748031496,0.4881889763779528,0.013123359580052493,0.005249343832020997,0.5039370078740157,8123.49343832021,15541.01312335958,5.945420608606575,9.032050676295599,13.635355851852813,5.8522024797744745,2.70805020110221,1
0,2018-02-14 02:04:00,369.0,8080.0,820781.0,343.0,0.9295392953929539,8,0.5240932101816778,3.0,SSH-Bruteforce,Credential Access,398649.39566395665,5877.706434364308,145764.53684663278,155939.16174638396,20140.420631722594,52.378432767116266,102.65145495259242,0.0,0.4986449864498645,0.005420054200542005,0.0,0.5013550135501355,0.0,0.0,5.91350300563827,8.997270906233448,13.618012823333618,5.840641657373398,2.1972245773362196,1
0,2018-02-14 02:04:10,365.0,7897.0,788774.0,340.0,0.9315068493150684,10,0.5138053258138061,4.0,SSH-Bruteforce,Credential Access,1244987.5424657534,7437.275020132136,146753.83994860837,494508.85483282496,93961.42091544895,49.53603664199506,97.39858154176163,0.0027397260273972603,0.5095890410958904,0.0,0.0,0.4821917808219178,26898.387397260274,116089.20452054794,5.902633333401366,8.974364841846596,13.57823638805634,5.831882477283517,2.3978952727983707,1
0,2018-02-14 02:04:20,379.0,7977.0,815323.0,338.0,0.8918205804749341,26,0.94211889851771,5.0,SSH-Bruteforce,Credential Access,1219779.2506596306,6517.06138549306,139945.95358633707,331384.8565058616,79316.70287223115,50.94571432600449,98.21771823119525,0.0,0.5145118733509235,0.005277044854881266,0.0,0.46965699208443273,8766.927080834734,212945.76361237705,5.940171252720432,8.984443032465352,13.61134085923479,5.82600010738045,3.295836866004329,1
0,2018-02-14 02:04:30,369.0,7928.0,829712.0,349.0,0.94579945799458,9,0.44305570137008826,5.0,SSH-Bruteforce,Credential Access,577711.3306233062,6717.080578022271,153394.4757935172,166132.32260770415,60958.40242813451,54.43104953603225,103.10534412908808,0.0,0.5013550135501355,0.0,0.0,0.4823848238482385,2205.9972899728996,25962.53116531165,5.91350300563827,8.978282203272398,13.628835136843477,5.857933154483459,2.302585092994046,1
0,2018-02-14 02:04:40,353.0,7817.0,793853.0,341.0,0.9660056657223796,5,0.1958016244690423,4.0,SSH-Bruteforce,Credential Access,607519.5609065156,7544.267169837195,148938.8515929725,345353.99317626754,40400.97158767746,51.32893454693259,100.21119142719773,0.0,0.49291784702549574,0.0028328611898017,0.0,0.5014164305949008,0.0,0.0,5.869296913133774,8.9641840463529,13.58465484422824,5.834810737062605,1.791759469228055,1
0,2018-02-14 02:04:50,359.0,8202.0,840337.0,348.0,0.9693593314763231,7,0.26568410893887373,4.0,SSH-Bruteforce,Credential Access,631410.4401114206,6273.832018874885,152288.27364158025,182783.13811720538,59932.005066330385,53.25611485851922,103.59971923428579,0.0,0.48746518105849584,0.0,0.0,0.5125348189415042,60.38068709377911,89076.64716805932,5.886104031450156,9.01225522000275,13.641559470838372,5.855071922202427,2.0794415416798357,1
0,2018-02-14 02:05:00,359.0,8057.0,856139.0,341.0,0.9498607242339833,10,0.4225099620709935,6.0,SSH-Bruteforce,Credential Access,890014.5069637883,6078.737589206836,149853.43716663672,175813.74747553654,69239.5969258236,55.336361037192205,106.34831829757158,0.002785515320334262,0.49025069637883006,0.002785515320334262,0.0,0.5069637883008357,0.0,0.0,5.886104031450156,8.994420665751292,13.660189193152675,5.834810737062605,2.3978952727983707,1
0,2018-02-14 02:05:10,405.0,8063.0,802502.0,340.0,0.8395061728395061,48,1.4408005984542809,5.0,SSH-Bruteforce,Credential Access,913334.1185185185,28618.232155159414,145262.79820903062,470849.0428061516,159984.296361559,46.12345573793432,90.56205349243284,0.0049382716049382715,0.5481481481481482,0.009876543209876543,0.0,0.4469135802469136,576.2864197530864,259641.212345679,6.0063531596017325,8.99516499031115,13.595490872297077,5.831882477283517,3.8918202981106265,1
0,2018-02-14 02:05:20,385.0,8002.0,809322.0,340.0,0.8831168831168831,33,1.0573965932920084,5.0,SSH-Bruteforce,Credential Access,2242409.4,32464.191250207667,151536.87545430975,498759.5016297582,399834.91777310893,48.870385540510135,94.74079800089247,0.015584415584415584,0.5428571428571428,0.007792207792207792,0.0,0.45454545454545453,10061.150767414403,977358.7408500592,5.955837369464831,8.987571750367046,13.60395337470186,5.831882477283517,3.5263605246161616,1
0,2018-02-14 02:05:30,372.0,8068.0,807199.0,350.0,0.9408602150537635,10,0.48988391566919104,6.0,SSH-Bruteforce,Credential Access,1018849.9301075268,6284.813752029443,153095.2948454629,324254.2701310043,40450.924229886754,51.105002004004035,100.28900053402097,0.0,0.4946236559139785,0.013440860215053764,0.0,0.489247311827957,1247.8220918866075,178273.1980694037,5.921578419643816,8.995784837848506,13.601326748021537,5.860786223465865,2.3978952727983707,1
0,2018-02-14 02:05:40,371.0,8370.0,858426.0,348.0,0.9380053908355795,11,0.5112882497652546,5.0,SSH-Bruteforce,Credential Access,1755520.9784366577,9736.031671806752,144825.8942591451,770162.5193977787,63575.55016551436,53.72679500877871,105.24325065344205,0.0,0.477088948787062,0.0,0.0,0.5148247978436657,751.6455525606469,613889.9299191375,5.918893854273146,9.032528630660057,13.662856923671624,5.855071922202427,2.4849066497880004,1
0,2018-02-14 02:05:50,377.0,8033.0,819590.0,354.0,0.9389920424403183,14,0.5320580164687642,7.0,SSH-Bruteforce,Credential Access,1298663.9628647214,7386.8834634429695,154754.10273261342,614304.643001726,32775.96208800077,50.37415915300105,96.96594560629735,0.002652519893899204,0.5039787798408488,0.002652519893899204,0.0,0.4854111405835544,7991.440318302387,472054.1671087533,5.934894195619588,8.991437814919227,13.616560714320265,5.872117789475416,2.70805020110221,1
0,2018-02-14 02:06:00,388.0,8394.0,874000.0,347.0,0.8943298969072165,20,0.8715636945492687,7.0,SSH-Bruteforce,Credential Access,843776.1288659794,11172.360652510046,147076.61526629335,299305.89756162505,49387.488794434925,54.670317399314946,103.57770529936083,0.015463917525773196,0.49226804123711343,0.01288659793814433,0.002577319587628866,0.4896907216494845,3558.6984536082473,160583.86211340205,5.963579343618446,9.035391569511642,13.680836798801778,5.8522024797744745,3.044522437723423,1
0,2018-02-14 02:06:10,416.0,8333.0,849644.0,351.0,0.84375,32,1.2740825569431795,6.0,SSH-Bruteforce,Credential Access,1178138.3317307692,272915.1784846028,162299.30862789584,435120.4915480102,92551.12889755826,49.74193085390746,94.40764287448607,0.04326923076923077,0.5288461538461539,0.002403846153846154,0.007211538461538462,0.4543269230769231,901.3812499999999,189148.4997596154,6.0330862217988015,9.0280988119824,13.652573894168851,5.863631175598097,3.4965075614664802,1
0,2018-02-14 02:06:20,356.0,7906.0,811836.0,343.0,0.9634831460674157,5,0.2850378402961552,4.0,SSH-Bruteforce,Credential Access,382191.69943820225,9050.766904434242,151526.77757956315,160648.4993877342,16429.163249804453,53.09876356005731,103.64607302328398,0.0028089887640449437,0.5,0.008426966292134831,0.0,0.5,0.0,0.0,5.877735781779639,8.975503722070927,13.607054860076806,5.840641657373398,1.791759469228055,1
0,2018-02-14 02:06:30,374.0,8461.0,860986.0,349.0,0.9331550802139037,11,0.5532691794636321,6.0,SSH-Bruteforce,Credential Access,1250592.0935828877,10381.597543990087,140920.28156415143,300004.5793665604,205727.74205024412,53.79240679819011,104.6820381929968,0.0,0.4679144385026738,0.008021390374331552,0.0,0.516042780748663,1092.2252876357152,303561.9455922864,5.926926025970411,9.043340831280013,13.665834684573465,5.857933154483459,2.4849066497880004,1
0,2018-02-14 02:06:40,368.0,8005.0,827762.0,340.0,0.9239130434782609,12,0.6018420693907371,6.0,SSH-Bruteforce,Credential Access,603617.3396739131,6445.1017690161525,144189.25677562397,316256.74432736693,36417.653926478844,53.9934736883951,103.9233396245019,0.0,0.48097826086956524,0.021739130434782608,0.0,0.5163043478260869,0.0,0.0,5.910796644040527,8.987946539552519,13.626482160511175,5.831882477283517,2.5649493574615367,1
0,2018-02-14 02:06:50,366.0,7900.0,818826.0,349.0,0.953551912568306,8,0.38129190000501795,6.0,SSH-Bruteforce,Credential Access,551893.3360655737,10082.116581784963,158523.19953461795,168871.14882617656,55632.09479282962,52.54158544169207,100.54209413060329,0.0,0.505464480874317,0.0,0.0,0.48360655737704916,1458.8743169398906,18705.953551912567,5.905361848054571,8.974744612722734,13.615628107311096,5.857933154483459,2.1972245773362196,1
0,2018-02-14 02:07:00,355.0,8009.0,834984.0,340.0,0.9577464788732394,7,0.33161255719941213,4.0,SSH-Bruteforce,Credential Access,968887.352112676,13341.087892335752,147799.8014391014,191674.88396957357,63713.55033272005,52.45384402046366,102.18559303056817,0.0028169014084507044,0.5014084507042254,0.0028169014084507044,0.0,0.49859154929577465,113.57089201877943,90026.91267605634,5.87493073085203,8.988446040062405,13.63516903959978,5.831882477283517,2.0794415416798357,1
0,2018-02-14 02:07:10,389.0,8630.0,883331.0,350.0,0.8997429305912596,10,0.7045710121993001,7.0,SSH-Bruteforce,Credential Access,943959.6606683804,16346.942831535878,137168.21477479534,452859.87002126954,56385.12392801644,54.83242105337738,107.25023278982161,0.0,0.45758354755784064,0.02570694087403599,0.0,0.532133676092545,20571.964010282776,184505.029562982,5.966146739123692,9.063115652219658,13.691456399859193,5.860786223465865,2.3978952727983707,1
0,2018-02-14 02:07:20,365.0,7984.0,804088.0,340.0,0.9315068493150684,9,0.528404779124206,5.0,SSH-Bruteforce,Credential Access,1828151.715068493,11631.660220507,150249.4894427671,381236.8171527694,104037.2911035859,52.241112447076716,102.66042193302712,0.0027397260273972603,0.4931506849315068,0.010958904109589041,0.0,0.5013698630136987,141.988605230386,163466.7153175592,5.902633333401366,8.985320060649112,13.59746523855211,5.831882477283517,2.302585092994046,1
0,2018-02-14 02:07:30,367.0,7904.0,791274.0,348.0,0.9482288828337875,10,0.4231006967783724,4.0,SSH-Bruteforce,Credential Access,387804.9782016349,11588.179135467253,151245.49733759434,161500.1031851763,28781.052197282068,49.578683201299455,98.7064856439703,0.0,0.5095367847411444,0.008174386920980926,0.0,0.4904632152588556,0.0,0.0,5.908082938168931,8.975250749643573,13.581400847518012,5.855071922202427,2.3978952727983707,1
0,2018-02-14 02:07:40,372.0,8241.0,825179.0,347.0,0.9327956989247311,7,0.4451496831407158,5.0,SSH-Bruteforce,Credential Access,555534.3198924732,20021.415410396643,144927.8558978244,316220.10617894126,38221.30838165941,51.207355801969086,102.02969979616022,0.0,0.48655913978494625,0.002688172043010753,0.0,0.5134408602150538,32.31989247311828,26890.814516129034,5.921578419643816,9.016998311898762,13.623356823336808,5.8522024797744745,2.0794415416798357,1
0,2018-02-14 02:07:50,472.0,10029.0,1620843.0,343.0,0.7266949152542372,15,1.484257353073561,5.0,SSH-Bruteforce,Credential Access,5698793.591101695,108685.94403337075,128027.79067519041,272213.39492263086,288916.9140977246,72.23008175526759,120.08143283964257,0.01694915254237288,0.4046610169491525,0.0,0.01694915254237288,0.4724576271186441,9752.872720852594,887125.2160053928,6.159095388491933,9.21333588095598,14.298457559195938,5.840641657373398,2.772588722239781,1
0,2018-02-14 02:08:00,379.0,7932.0,790982.0,345.0,0.9102902374670184,11,0.6279159571610471,4.0,SSH-Bruteforce,Credential Access,336719.68601583113,23107.75300078164,143077.67202808772,154674.76951077668,14617.82683287269,48.64281539089104,96.82843221937388,0.0,0.5171503957783641,0.0,0.0,0.48284960422163586,0.0,0.0,5.940171252720432,8.978786553302003,13.581031754736285,5.846438775057725,2.4849066497880004,1
0,2018-02-14 02:08:10,388.0,8059.0,798827.0,346.0,0.8917525773195877,7,0.6150932780868696,7.0,SSH-Bruteforce,Credential Access,1506176.7113402062,33164.0417353457,144041.44362415123,611444.047028914,72149.25621203895,49.15713792016495,97.46439093173223,0.002577319587628866,0.49742268041237114,0.0,0.0,0.49226804123711343,269.92966260543585,222214.8533270853,5.963579343618446,8.994668835500674,13.590900932488339,5.849324779946859,2.0794415416798357,1
0,2018-02-14 02:08:20,430.0,10322.0,2746740.0,345.0,0.8023255813953488,17,1.2313029643349127,8.0,SSH-Bruteforce,Credential Access,2456864.8,44409.740755939325,123120.46270306876,323785.6871156048,169621.20868066113,59.17084010306954,107.65986550605022,0.0,0.45348837209302323,0.0,0.0,0.5046511627906977,11463.158421423537,767623.3833333334,6.066108090103747,9.24212969446559,14.82592567595814,5.846438775057725,2.8903717578961645,1
0,2018-02-14 02:08:30,390.0,8200.0,815269.0,344.0,0.882051282051282,10,0.6972921888306737,6.0,SSH-Bruteforce,Credential Access,1469958.064102564,34284.7805077886,133142.77277522814,597751.5612733184,35490.27464617955,50.1141249941923,99.51950943269102,0.002564102564102564,0.48717948717948717,0.0,0.0,0.5,49.613846153846154,457740.4135897436,5.968707559985366,9.012011377036412,13.611274625702691,5.84354441703136,2.3978952727983707,1
0,2018-02-14 02:08:40,545.0,9594.0,1383779.0,339.0,0.6220183486238532,17,1.656029970961776,7.0,SSH-Bruteforce,Credential Access,4909224.68440367,208691.35074048565,103727.09151950252,673296.5643410125,408429.61368302425,69.73774389844239,108.49829497780404,0.009174311926605505,0.3541284403669725,0.0,0.003669724770642202,0.41100917431192663,15843.865963302751,1601242.5542405709,6.302618975744905,9.1689974084418,14.140329442986774,5.8289456176102075,2.8903717578961645,1
0,2018-02-14 02:08:50,396.0,8295.0,834551.0,357.0,0.9015151515151515,10,0.7014282873300464,7.0,SSH-Bruteforce,Credential Access,627086.2398989899,25008.086959024204,141459.05990295397,287681.92680768407,18589.818789292985,50.20792331514773,98.80657362754673,0.0025252525252525255,0.5050505050505051,0.0025252525252525255,0.0025252525252525255,0.4823232323232323,0.0,142223.8686868687,5.983936280687191,9.023528749909364,13.6346503329048,5.8805329864007,2.3978952727983707,1
0,2018-02-14 02:09:00,359.0,8068.0,822759.0,341.0,0.9498607242339833,9,0.41693893143176763,5.0,SSH-Bruteforce,Credential Access,595597.13091922,10993.652928551988,151125.69326792838,181837.80427637626,54725.117726674005,51.996964470627574,102.45996653507325,0.005571030640668524,0.4986072423398329,0.0,0.0,0.5013927576601671,11.654596100278551,65259.06963788301,5.886104031450156,8.995784837848506,13.6204198210921,5.834810737062605,2.302585092994046,1
0,2018-02-14 02:09:10,364.0,7914.0,793156.0,352.0,0.967032967032967,6,0.2677632824572603,6.0,SSH-Bruteforce,Credential Access,683500.5412087912,7065.7417974388545,157066.3544583526,460118.70640424377,32927.86090045543,49.5140069170423,97.74931444657197,0.0,0.5082417582417582,0.0,0.0,0.48626373626373626,0.0,0.0,5.8998973535824915,8.976514972315112,13.58377646336659,5.8664680569332965,1.9459101490553132,1
0,2018-02-14 02:09:20,363.0,8183.0,826944.0,347.0,0.9559228650137741,10,0.39218542020956915,5.0,SSH-Bruteforce,Credential Access,600834.6308539945,11476.793118002204,146853.17869360922,197279.66242543212,57350.485292870726,52.199794059462256,102.74519442962644,0.0027548209366391185,0.4931129476584022,0.005509641873278237,0.0,0.5041322314049587,32.06795224977053,76364.6391184573,5.8971538676367405,9.009936307631463,13.62549346635289,5.8522024797744745,2.3978952727983707,1
0,2018-02-14 02:09:30,368.0,8101.0,817314.0,343.0,0.9320652173913043,5,0.45933305322943857,4.0,SSH-Bruteforce,Credential Access,391217.3804347826,18450.454496760176,148062.47699277903,160709.31917558887,24841.546095065114,52.52077455664701,104.08365097988533,0.0,0.4891304347826087,0.002717391304347826,0.0,0.5108695652173914,0.0,0.0,5.910796644040527,8.999866223762636,13.613779856449716,5.840641657373398,1.791759469228055,1
0,2018-02-14 02:09:40,509.0,8974.0,1127275.0,340.0,0.6679764243614931,13,1.4450076161405254,6.0,SSH-Bruteforce,Credential Access,1443146.064833006,98977.01519725857,113768.92656598403,281156.9758955157,178764.89943544607,67.05380781879333,106.90212407891512,0.003929273084479371,0.3575638506876228,0.0,0.0019646365422396855,0.412573673870334,17554.47249508841,556351.6964636542,6.234410725718371,9.10219821335648,13.935314660998486,5.831882477283517,2.6390573296152584,1
0,2018-02-14 02:09:50,381.0,7913.0,800452.0,339.0,0.889763779527559,21,0.8941923816462236,7.0,SSH-Bruteforce,Credential Access,429491.1469816273,15216.678319029275,145584.9273862647,153643.04219962642,29386.932879497257,50.8736782950231,97.92145755009633,0.007874015748031496,0.5065616797900262,0.0,0.0,0.46981627296587924,253.50918635170603,26122.931758530183,5.945420608606575,8.97638862194537,13.592933096391029,5.8289456176102075,3.091042453358316,1
0,2018-02-14 02:10:00,373.0,7896.0,786530.0,350.0,0.938337801608579,5,0.39119666770983885,7.0,SSH-Bruteforce,Credential Access,615402.6487935657,22712.86674914144,151834.24321381623,300708.7371988185,10793.936164344577,48.86492330403753,96.78015609232278,0.0,0.5093833780160858,0.0,0.0,0.48257372654155495,0.0,150987.92493297587,5.924255797414532,8.97423821949758,13.575387415834038,5.860786223465865,1.791759469228055,1
0,2018-02-14 02:10:10,368.0,8396.0,845779.0,352.0,0.9565217391304348,5,0.31560389880115164,4.0,SSH-Bruteforce,Credential Access,717533.4157608695,8417.790855752328,148295.43821292947,462567.61075124325,39617.51085183624,52.7280469930644,104.53653636622771,0.002717391304347826,0.483695652173913,0.005434782608695652,0.0,0.5163043478260869,0.0,0.0,5.910796644040527,9.035629778183564,13.64801455748888,5.8664680569332965,1.791759469228055,1
0,2018-02-14 02:10:20,354.0,7878.0,795687.0,340.0,0.96045197740113,6,0.3126778587149576,5.0,SSH-Bruteforce,Credential Access,356602.0056497175,13574.250169470057,157586.71285308403,159104.91500093034,13155.99676886499,51.96296327428785,102.90176668634237,0.0,0.4943502824858757,0.0,0.0,0.5056497175141242,0.0,0.0,5.872117789475416,8.971956271245688,13.586962428191205,5.831882477283517,1.9459101490553132,1
0,2018-02-14 02:10:30,371.0,8030.0,811891.0,349.0,0.9407008086253369,6,0.4226590641889044,4.0,SSH-Bruteforce,Credential Access,418819.64420485176,12424.273239511107,153163.48212091555,157776.56693732578,29924.91859988142,52.26021788639839,103.61235765214151,0.0,0.49865229110512127,0.0026954177897574125,0.0,0.5013477088948787,0.0,0.0,5.918893854273146,8.991064332188461,13.607122605371767,5.857933154483459,1.9459101490553132,1
0,2018-02-14 02:10:40,361.0,8265.0,836550.0,349.0,0.9667590027700831,3,0.24091861151672486,4.0,SSH-Bruteforce,Credential Access,614922.6952908587,9240.720137388536,155848.73583637248,312139.0815451119,34205.54210442727,53.25880166881745,105.74843432877091,0.0,0.481994459833795,0.0110803324099723,0.0,0.518005540166205,36740.074792243766,26617.692520775625,5.8916442118257715,9.019905995071678,13.637042765870905,5.857933154483459,1.3862943611198906,1
0,2018-02-14 02:10:50,351.0,7957.0,806877.0,342.0,0.9743589743589743,5,0.21454317310243598,4.0,SSH-Bruteforce,Credential Access,632701.1737891738,6374.064560015451,154927.34299427585,275628.0159420148,177078.64941553125,52.749382289909406,104.59595977343989,0.0,0.4928774928774929,0.014245014245014245,0.0,0.5071225071225072,725.2136752136752,216596.49287749288,5.863631175598097,8.981932990986873,13.600927758624158,5.8377304471659395,1.791759469228055,1
0,2018-02-14 02:11:00,360.0,7913.0,797136.0,352.0,0.9777777777777777,7,0.20720082614598676,5.0,SSH-Bruteforce,Credential Access,648395.8083333333,6166.843046903525,157906.921933173,312503.67153535003,11560.621407145041,50.2325828570075,99.03331291407139,0.0,0.5083333333333333,0.002777777777777778,0.0,0.4888888888888889,0.0,156445.42916666667,5.8888779583328805,8.97638862194537,13.588781837604936,5.8664680569332965,2.0794415416798357,1
0,2018-02-14 02:11:10,358.0,8212.0,826774.0,347.0,0.9692737430167597,5,0.22181627722977854,6.0,SSH-Bruteforce,Credential Access,1033775.9273743017,6448.143731417001,153458.11757469745,631145.2130029484,39222.5178055521,51.73975178830168,102.25427426639442,0.0,0.48324022346368717,0.0,0.0,0.5139664804469274,0.0,157315.61452513965,5.883322388488279,9.013473543740192,13.625287869274063,5.8522024797744745,1.791759469228055,1
0,2018-02-14 02:11:20,355.0,7806.0,792206.0,340.0,0.9577464788732394,5,0.312078695309677,6.0,SSH-Bruteforce,Credential Access,1630976.447887324,9783.096911170946,155771.10730670832,798831.9880492707,16820.494313483752,51.13582811796788,100.18879129986198,0.0,0.48732394366197185,0.0,0.0,0.5014084507042254,0.0,634589.2690140845,5.87493073085203,8.962776046120291,13.582578000283402,5.831882477283517,1.791759469228055,1
0,2018-02-14 02:11:30,382.0,8427.0,850496.0,356.0,0.9319371727748691,18,0.6255289224324818,7.0,SSH-Bruteforce,Credential Access,978935.9842931937,6819.539318573961,141406.17224109606,451391.8747968576,24681.774338353196,51.52242299296701,100.56559587071517,0.0,0.48429319371727747,0.005235602094240838,0.0,0.4973821989528796,0.0,294860.8952879581,5.948034989180646,9.03931477492408,13.653576163474971,5.877735781779639,2.9444389791664403,1
0,2018-02-14 02:11:40,355.0,7847.0,785811.0,345.0,0.971830985915493,6,0.24489738248308307,5.0,SSH-Bruteforce,Credential Access,857124.5492957747,6054.915605812989,154216.28085459393,473354.0854821433,27219.287328165487,50.44282672829014,100.23595198278902,0.0,0.5014084507042254,0.0028169014084507044,0.0,0.49577464788732395,0.0,158650.276056338,5.87493073085203,8.9680140012452,13.574472857051234,5.846438775057725,1.9459101490553132,1
0,2018-02-14 02:11:50,371.0,8345.0,837072.0,351.0,0.9460916442048517,8,0.4238747584657908,5.0,SSH-Bruteforce,Credential Access,430009.83557951485,9471.140201061506,148191.31214689565,160615.86890119791,23900.367480544704,52.60228734505094,104.6151760095822,0.0,0.48247978436657685,0.018867924528301886,0.0,0.5094339622641509,0.0,0.0,5.918893854273146,9.029537661151497,13.637666561917003,5.863631175598097,2.1972245773362196,1
0,2018-02-14 02:12:00,350.0,8052.0,811420.0,343.0,0.98,3,0.15327399810913916,4.0,SSH-Bruteforce,Credential Access,402811.09714285715,6261.202592287992,153289.9143266796,164232.5133225815,17031.306762517397,53.186601012439425,105.92976782118113,0.0,0.48857142857142855,0.014285714285714285,0.0,0.5114285714285715,0.0,0.0,5.860786223465865,8.993799971795545,13.606542310612571,5.840641657373398,1.3862943611198906,1
0,2018-02-14 02:12:10,453.0,10159.0,1998052.0,340.0,0.7505518763796909,13,1.3405480158817205,6.0,SSH-Bruteforce,Credential Access,7394385.573951435,28823.185485053742,123143.2311599608,526179.9664375265,350009.33636358514,75.76251373735784,121.81397254061523,0.008830022075055188,0.39514348785871967,0.004415011037527594,0.0,0.4768211920529801,12226.124155461901,1162609.4952337947,6.118097198041348,9.226213721132472,14.507683764365341,5.831882477283517,2.6390573296152584,1
0,2018-02-14 02:12:20,400.0,8095.0,846556.0,350.0,0.875,8,0.7183975930784003,5.0,SSH-Bruteforce,Credential Access,1173917.335,18256.92872001529,152041.52508741134,159327.7554803841,45985.23534346462,52.66435619645,95.45454282735875,0.0,0.4625,0.005,0.0,0.445,254.16859848484827,73161.39102272724,5.993961427306569,8.999125391527247,13.648932814378135,5.860786223465865,2.1972245773362196,1
0,2018-02-14 02:12:30,387.0,8342.0,848576.0,346.0,0.8940568475452196,13,0.8199186212368592,7.0,SSH-Bruteforce,Credential Access,405776.6511627907,11547.501509274804,139347.85152532606,163968.00238059537,27185.188354539325,54.0534359260367,103.0550160612527,0.0,0.4573643410852713,0.002583979328165375,0.0,0.5064599483204134,0.0,0.0,5.961005339623274,9.029178142902074,13.651316107918527,5.849324779946859,2.6390573296152584,1
0,2018-02-14 02:12:40,381.0,8461.0,1057687.0,342.0,0.8976377952755905,11,0.7443534129637974,6.0,SSH-Bruteforce,Credential Access,1564587.4173228347,11125.27729423867,142859.76181835058,321235.93060922454,91011.64351118726,58.72481572292599,109.85753551236743,0.0,0.4645669291338583,0.015748031496062992,0.0,0.5223097112860893,4882.162510936133,331808.3175853018,5.945420608606575,9.043340831280013,13.871595951879751,5.8377304471659395,2.4849066497880004,1
0,2018-02-14 02:12:50,509.0,10938.0,2276230.0,340.0,0.6679764243614931,26,1.806235568625906,6.0,SSH-Bruteforce,Credential Access,7741628.705304518,111116.20424857303,116933.07961739396,469860.3980008206,592404.7760490188,72.072538694566,124.39541440793319,0.019646365422396856,0.381139489194499,0.007858546168958742,0.0019646365422396855,0.47544204322200395,29541.91245460499,2141063.726305293,6.234410725718371,9.30008966411979,14.638031562927065,5.831882477283517,3.295836866004329,1
0,2018-02-14 02:13:00,374.0,8010.0,821626.0,351.0,0.9385026737967914,13,0.5306256982822742,5.0,SSH-Bruteforce,Credential Access,529886.756684492,6978.740343618107,148770.91297481023,162475.79072988767,45394.304397330125,52.29172710035909,100.12699381794842,0.0,0.5026737967914439,0.0053475935828877,0.0,0.4839572192513369,4725.596256684492,14960.890374331551,5.926926025970411,8.988570876215118,13.619041799763432,5.863631175598097,2.6390573296152584,1
0,2018-02-14 02:13:10,383.0,8339.0,855671.0,350.0,0.9138381201044387,15,0.709825560873425,7.0,SSH-Bruteforce,Credential Access,724945.2793733681,6969.783599169154,140293.2902293715,443579.4867566836,39407.912015275404,53.94156775371567,104.77476858775509,0.0,0.4830287206266319,0.015665796344647518,0.0,0.5039164490861618,0.0,0.0,5.950642552587727,9.028818495352793,13.659642404122502,5.860786223465865,2.772588722239781,1
0,2018-02-14 02:13:20,364.0,8060.0,817196.0,345.0,0.9478021978021978,11,0.44731138378465296,6.0,SSH-Bruteforce,Credential Access,611263.5054945055,251205.27462798796,158867.3796493072,191949.93547711833,59662.74002178449,52.116995849413186,102.15140524942335,0.0027472527472527475,0.4945054945054945,0.013736263736263736,0.0,0.5,28319.94230769231,73744.49542124533,5.8998973535824915,8.9947928972836,13.613635470846912,5.846438775057725,2.4849066497880004,1
0,2018-02-14 02:13:30,360.0,8102.0,826425.0,345.0,0.9583333333333334,4,0.2937565251245093,3.0,SSH-Bruteforce,Credential Access,402464.4194444445,13488.204662078875,150968.2263875051,161452.13570143993,28322.238610427474,53.13464759369888,104.52491300483527,0.0,0.4861111111111111,0.005555555555555556,0.0,0.5138888888888888,0.0,0.0,5.8888779583328805,8.999989642460726,13.624865658054514,5.846438775057725,1.6094379124341003,1
0,2018-02-14 02:13:40,354.0,7881.0,802741.0,339.0,0.9576271186440678,7,0.3465526376221994,5.0,SSH-Bruteforce,Credential Access,621341.384180791,6084.388366126626,149340.14138942724,320443.49713580165,35495.41912443954,53.00803401521469,104.3578430464568,0.0,0.4887005649717514,0.014124293785310734,0.0,0.5084745762711864,0.0,0.0,5.872117789475416,8.97233695775495,13.595788646159344,5.8289456176102075,2.0794415416798357,1
